Kick-Off,Kick-Off
Reserve,Reserve
Administration,Administration
Bau,Bau
Rechtliches,Rechtliches
Immobilien-Management,Immobilien-Management
Liegenschaften-Buchhaltung,Liegenschaften-Buchhaltung
Automatisierungstechnik Lab,Automatisierungstechnik Lab
Regelungstechnik,Regelungstechnik
AutoCAD,AutoCAD
System- und Netzwerktechnik,System- und Netzwerktechnik
Programmierungstechnik,Programmierungstechnik
Programmierung,Programmierung
Case Study Pr채sentation,Case Study Pr채sentation
Administration Systemtechnik,Administration Systemtechnik
Umwelt und Sicherheit,Umwelt und Sicherheit
Qualit채t,Qualit채t
Organisationslehre,Organisationslehre
Steuern,Steuern
Dipl.Betriebswirtschafter*in,Team-Building
Sozialversicherungsfachleute,Team-Building
Sachbearbeiter*in Immobilien-Bewirtschaftung,Team-Building
Techniker*in Systemtechnik,Team-Building
Hauswart*in,Team-Building