Kick-Off,,false,1,1,white
Reserve,,false,1,1,white
Administration,,false,1,1,white
Bau,,false,1,1,white
Rechtliches,,false,1,1,white
Immobilien-Management,,false,1,1,white
Liegenschaften-Buchhaltung,,false,1,1,white
Automatisierungstechnik Lab,,false,1,1,white
Regelungstechnik,,false,1,1,white
AutoCAD,,false,1,1,white
System- und Netzwerktechnik,,false,1,1,white
Programmierungstechnik,,false,1,1,white
Programmierung,,false,1,1,white
Case Study Präsentation,,false,1,1,white
Administration Systemtechnik,,false,1,1,white
Arbeitsrecht,,false,1,1,white
Rechtsgrundlagen,,false,1,1,white
Rechtsfälle,,false,1,1,white
Gesetze,,false,1,1,white
Kommunikation Assistenz,,false,1,1,white
Chefarzt entlasten,,false,1,1,white
Coaching,,false,1,1,white
Probleme behandeln,,false,1,1,white
Grundlagen Informatik,,false,1,1,white
Kommunikation,,false,1,1,white
Informatik,,false,1,1,white
Zeichensetzung,,false,1,1,white
Befehle und Symbole,,false,1,1,white
Elektrizität,,false,1,1,white
Impfungen,,false,1,1,white
Infusionen,,false,1,1,white
Bioethik,,false,1,1,white
Entwicklung der Medizin,,false,1,1,white
Anatomie der Atemwege,,false,1,1,white
Beratungskompetenz,,false,1,1,white
Wagner Modell,,false,1,1,white
Basiswissen Nikotin und Sucht,,false,1,1,white
Blutzuckermessung,,false,1,1,white
Geschäftsprozesse,,false,1,1,white
QM Handbuch,,false,1,1,white
QM in der Arztpraxis,,false,1,1,white
Qualitätskategorien,,false,1,1,white
Organisationshilfsmittel,,false,1,1,white
Umwelt und Sicherheit,,false,1,1,white
Qualität,,false,1,1,white
Organisationslehre,,false,1,1,white
Steuern,,false,1,1,white