Arbeitsrecht,Arbeitsrecht
Rechtsgrundlagen,Rechtsgrundlagen
Rechtsfälle,Rechtsfälle
Gesetze,Gesetze
Kommunikation Assistenz,Kommunikation Assistenz
Chefarzt entlasten,Chefarzt entlasten
Coaching,Coaching
Probleme behandeln,Probleme behandeln
Grundlagen Informatik,Grundlagen Informatik
Kommunikation,Kommunikation
Informatik,Informatik
Zeichensetzung,Zeichensetzung
Befehle und Symbole,Befehle und Symbole
Elektrizität,Elektrizität
Impfungen,Impfungen
Infusionen,Infusionen
Bioethik,Bioethik
Entwicklung der Medizin,Entwicklung der Medizin
Anatomie der Atemwege,Anatomie der Atemwege
Beratungskompetenz,Beratungskompetenz
Wagner Modell,Wagner Modell
Basiswissen Nikotin und Sucht,Basiswissen Nikotin und Sucht
Blutzuckermessung,Blutzuckermessung
Geschäftsprozesse,Geschäftsprozesse
QM Handbuch,QM Handbuch
QM in der Arztpraxis,QM in der Arztpraxis
Qualitätskategorien,Qualitätskategorien
Organisationshilfsmittel,Organisationshilfsmittel
Arzt- und Spitalsekretär*in,Team-Building
Chefarzt- und Diraktionsassistent*in,Team-Building
MPA,Team-Building
MPA und TPA,Team-Building
Medizinische*r Praxiskoordinator*in,Team-Building
TPA,Team-Building
Betriebswirtschaftliche Grundlagen,Marketing