Contract,FAQ zum Vertrag,
Welcome Day,Onbaording,Before you Start,
Arbeitsplatz,Mein Arbeitsplatz,Freizeit und Pausen Angebote,Gefahren am Arbeitsplatz,
Team,Das Team,Was tun bei Problemen im Team,Die F체hrungsebene,
Produkte I,Produkt A,Produkt B,Produkt C,Produkt D,
Prozesse I,Standardschulung Kundengespr채ch,Prozess A,Prozess B,
Organisation,
ICT,Sicherheit am PC,
Arbeitssicherheit,Verhalten im Brandfall,Verhalten bei Unf채llen,
Software,Wie funktioniert die Betriebssoftware,
Kundenstamm,Wichtige Kunden,
Feedback,Feedback zum Onboarding Prozess,
Services,
Prozesse II,Prozess C,Prozess D,
Produkte II,Produkt E,Produkt F,
Schlussfeedback,Schlussfeedback f체r eingearbeitete Mitarbeiter,